lr-Adam,created_at,loss/train,epoch,loss/val,score/val
0.0005,2021-07-22 00:59:46.831597,,,,
,2021-07-22 00:59:58.438678,1407.392333984375,0.0,,
,2021-07-22 01:00:02.113925,,0.0,770.7710571289062,2.014519691467285
0.0005,2021-07-22 01:00:02.130858,,,,
,2021-07-22 01:00:16.375496,231.1012420654297,1.0,,
,2021-07-22 01:00:20.901019,,1.0,131.142822265625,1.2511347532272339
0.0005,2021-07-22 01:00:20.920928,,,,
,2021-07-22 01:00:35.199780,113.72035217285156,2.0,,
,2021-07-22 01:00:39.858680,,2.0,107.32501220703125,1.0144003629684448
0.0005,2021-07-22 01:00:39.872211,,,,
,2021-07-22 01:00:53.268690,109.77793884277344,3.0,,
,2021-07-22 01:00:57.502854,,3.0,92.89918518066406,0.8693562150001526
0.0005,2021-07-22 01:00:57.517492,,,,
,2021-07-22 01:01:11.214213,108.24248504638672,4.0,,
,2021-07-22 01:01:14.891993,,4.0,100.71910858154297,0.9594844579696655
0.0005,2021-07-22 01:01:14.906242,,,,
,2021-07-22 01:01:28.945873,108.6806640625,5.0,,
,2021-07-22 01:01:33.439970,,5.0,91.57926177978516,0.8551850914955139
0.0005,2021-07-22 01:01:33.461128,,,,
,2021-07-22 01:01:47.330133,109.59819793701172,6.0,,
,2021-07-22 01:01:51.831807,,6.0,90.85985565185547,0.8514683842658997
0.0005,2021-07-22 01:01:51.845767,,,,
,2021-07-22 01:02:05.390131,107.4190902709961,7.0,,
,2021-07-22 01:02:09.037391,,7.0,97.81990051269531,0.9168745279312134
0.0005,2021-07-22 01:02:09.052660,,,,
,2021-07-22 01:02:22.927881,106.67788696289062,8.0,,
,2021-07-22 01:02:27.243625,,8.0,90.67027282714844,0.8482738137245178
0.0005,2021-07-22 01:02:27.258419,,,,
,2021-07-22 01:02:41.379718,105.98043060302734,9.0,,
,2021-07-22 01:02:45.389923,,9.0,99.1598892211914,0.9457865357398987
0.0005,2021-07-22 01:02:45.405258,,,,
,2021-07-22 01:02:59.478300,107.17874145507812,10.0,,
,2021-07-22 01:03:03.851656,,10.0,87.44261169433594,0.8170681595802307
0.0005,2021-07-22 01:03:03.869368,,,,
,2021-07-22 01:03:18.810849,106.1986312866211,11.0,,
,2021-07-22 01:03:22.710140,,11.0,101.0914077758789,0.956535816192627
0.0005,2021-07-22 01:03:22.726000,,,,
,2021-07-22 01:03:36.817081,107.86421966552734,12.0,,
,2021-07-22 01:03:40.514499,,12.0,93.97390747070312,0.8859460353851318
0.0005,2021-07-22 01:03:40.529127,,,,
,2021-07-22 01:03:54.244031,105.37165832519531,13.0,,
,2021-07-22 01:03:58.560288,,13.0,86.56554412841797,0.8089608550071716
0.0005,2021-07-22 01:03:58.575235,,,,
,2021-07-22 01:04:12.033845,104.05529022216797,14.0,,
,2021-07-22 01:04:15.936928,,14.0,90.06100463867188,0.8421148657798767
0.0005,2021-07-22 01:04:15.953299,,,,
,2021-07-22 01:04:30.188796,107.05267333984375,15.0,,
,2021-07-22 01:04:34.128850,,15.0,88.90936279296875,0.8325728178024292
0.0005,2021-07-22 01:04:34.146024,,,,
,2021-07-22 01:04:47.598399,104.79056549072266,16.0,,
,2021-07-22 01:04:51.261933,,16.0,87.8091812133789,0.8259267210960388
0.0005,2021-07-22 01:04:51.278000,,,,
,2021-07-22 01:05:05.083785,108.08761596679688,17.0,,
,2021-07-22 01:05:08.791000,,17.0,90.70903778076172,0.8539391160011292
0.0005,2021-07-22 01:05:08.806362,,,,
,2021-07-22 01:05:22.474529,104.82275390625,18.0,,
,2021-07-22 01:05:26.320244,,18.0,87.91729736328125,0.8265871405601501
0.0005,2021-07-22 01:05:26.336587,,,,
,2021-07-22 01:05:41.003914,103.22158813476562,19.0,,
,2021-07-22 01:05:44.776500,,19.0,93.96728515625,0.879632830619812
0.0005,2021-07-22 01:05:44.792555,,,,
,2021-07-22 01:05:58.472593,103.80574035644531,20.0,,
,2021-07-22 01:06:02.772607,,20.0,86.05499267578125,0.8056830763816833
0.0005,2021-07-22 01:06:02.788583,,,,
,2021-07-22 01:06:16.352987,103.09766387939453,21.0,,
,2021-07-22 01:06:20.008792,,21.0,88.9060287475586,0.8336122035980225
0.0005,2021-07-22 01:06:20.024563,,,,
,2021-07-22 01:06:34.082672,108.4404296875,22.0,,
,2021-07-22 01:06:37.995416,,22.0,90.7939453125,0.8542014360427856
0.0005,2021-07-22 01:06:38.011900,,,,
,2021-07-22 01:06:52.332764,104.64450073242188,23.0,,
,2021-07-22 01:06:56.057381,,23.0,87.67721557617188,0.8184358477592468
0.0005,2021-07-22 01:06:56.073989,,,,
,2021-07-22 01:07:09.615896,105.18181610107422,24.0,,
,2021-07-22 01:07:13.178799,,24.0,89.2395248413086,0.8315930962562561
0.0005,2021-07-22 01:07:13.193997,,,,
,2021-07-22 01:07:26.860134,102.88076782226562,25.0,,
,2021-07-22 01:07:30.695346,,25.0,88.02363586425781,0.8242205381393433
0.0005,2021-07-22 01:07:30.711930,,,,
,2021-07-22 01:07:44.850673,103.53712463378906,26.0,,
,2021-07-22 01:07:49.304518,,26.0,86.78240203857422,0.8107659816741943
0.0005,2021-07-22 01:07:49.321195,,,,
,2021-07-22 01:08:02.957139,105.48357391357422,27.0,,
,2021-07-22 01:08:07.123220,,27.0,92.99407196044922,0.8724875450134277
0.0005,2021-07-22 01:08:07.139520,,,,
,2021-07-22 01:08:21.394019,106.3603286743164,28.0,,
,2021-07-22 01:08:25.300462,,28.0,87.1679916381836,0.8201823830604553
0.0005,2021-07-22 01:08:25.317509,,,,
,2021-07-22 01:08:40.018992,102.8714599609375,29.0,,
,2021-07-22 01:08:43.815211,,29.0,89.05260467529297,0.8358882069587708
0.0005,2021-07-22 01:08:43.830834,,,,
,2021-07-22 01:08:58.574399,104.85384368896484,30.0,,
,2021-07-22 01:09:02.317213,,30.0,86.16860961914062,0.8072339296340942
0.0005,2021-07-22 01:09:02.334286,,,,
,2021-07-22 01:09:17.074784,100.37908935546875,31.0,,
,2021-07-22 01:09:20.993691,,31.0,88.29193115234375,0.8247629404067993
0.0005,2021-07-22 01:09:21.010262,,,,
,2021-07-22 01:09:35.461218,102.20327758789062,32.0,,
,2021-07-22 01:09:39.673646,,32.0,108.63874816894531,1.0293400287628174
0.0005,2021-07-22 01:09:39.689212,,,,
,2021-07-22 01:09:53.944289,103.0282211303711,33.0,,
,2021-07-22 01:09:58.155569,,33.0,89.6174545288086,0.84165358543396
0.0005,2021-07-22 01:09:58.170065,,,,
,2021-07-22 01:10:12.702266,102.30850219726562,34.0,,
,2021-07-22 01:10:17.974985,,34.0,84.76963806152344,0.7940361499786377
0.0005,2021-07-22 01:10:17.990508,,,,
,2021-07-22 01:10:32.597721,101.57322692871094,35.0,,
,2021-07-22 01:10:36.620777,,35.0,88.2657241821289,0.8274626135826111
0.0005,2021-07-22 01:10:36.637433,,,,
,2021-07-22 01:10:50.304823,103.30593872070312,36.0,,
,2021-07-22 01:10:54.039775,,36.0,97.03692626953125,0.9147575497627258
0.0005,2021-07-22 01:10:54.055706,,,,
,2021-07-22 01:11:07.878665,101.57635498046875,37.0,,
,2021-07-22 01:11:11.618241,,37.0,89.74181365966797,0.8438805937767029
0.0005,2021-07-22 01:11:11.633919,,,,
,2021-07-22 01:11:25.594233,101.43341827392578,38.0,,
,2021-07-22 01:11:29.661163,,38.0,92.1856460571289,0.8641065955162048
0.0005,2021-07-22 01:11:29.677434,,,,
,2021-07-22 01:11:44.610476,102.40431213378906,39.0,,
,2021-07-22 01:11:48.466198,,39.0,90.92306518554688,0.850274384021759
0.0005,2021-07-22 01:11:48.483166,,,,
,2021-07-22 01:12:02.595224,103.36265563964844,40.0,,
,2021-07-22 01:12:06.481908,,40.0,86.03370666503906,0.8114328980445862
0.0005,2021-07-22 01:12:06.498446,,,,
,2021-07-22 01:12:21.314095,100.53316497802734,41.0,,
,2021-07-22 01:12:25.156646,,41.0,92.78524780273438,0.8691579699516296
0.0005,2021-07-22 01:12:25.172312,,,,
,2021-07-22 01:12:40.398017,101.58448028564453,42.0,,
,2021-07-22 01:12:44.531692,,42.0,88.66441345214844,0.8310860991477966
0.0005,2021-07-22 01:12:44.548972,,,,
,2021-07-22 01:12:59.189990,102.28435516357422,43.0,,
,2021-07-22 01:13:03.144250,,43.0,91.42398071289062,0.8546923398971558
0.0005,2021-07-22 01:13:03.160110,,,,
,2021-07-22 01:13:18.366505,98.55140686035156,44.0,,
,2021-07-22 01:13:22.357297,,44.0,88.33757781982422,0.8315006494522095
0.0005,2021-07-22 01:13:22.372725,,,,
,2021-07-22 01:13:37.662828,100.77874755859375,45.0,,
,2021-07-22 01:13:41.832290,,45.0,88.63482666015625,0.8364680409431458
0.0005,2021-07-22 01:13:41.848771,,,,
,2021-07-22 01:13:57.162666,99.28425598144531,46.0,,
,2021-07-22 01:14:01.085016,,46.0,105.60382080078125,1.0011075735092163
0.0005,2021-07-22 01:14:01.101331,,,,
,2021-07-22 01:14:16.454445,98.82861328125,47.0,,
,2021-07-22 01:14:20.580985,,47.0,90.78469848632812,0.8497854471206665
0.0005,2021-07-22 01:14:20.598492,,,,
,2021-07-22 01:14:35.071497,100.34767150878906,48.0,,
,2021-07-22 01:14:39.604917,,48.0,84.20731353759766,0.7879499793052673
0.0005,2021-07-22 01:14:39.622601,,,,
,2021-07-22 01:14:53.846038,99.06163787841797,49.0,,
,2021-07-22 01:14:58.399938,,49.0,83.18171691894531,0.7783280611038208
0.0005,2021-07-22 01:14:58.419171,,,,
,2021-07-22 01:15:12.950484,101.93003845214844,50.0,,
,2021-07-22 01:15:17.171828,,50.0,86.05494689941406,0.8031571507453918
0.0005,2021-07-22 01:15:17.189201,,,,
,2021-07-22 01:15:32.081918,100.6629867553711,51.0,,
,2021-07-22 01:15:36.262881,,51.0,83.9358139038086,0.7860968112945557
0.0005,2021-07-22 01:15:36.279919,,,,
,2021-07-22 01:15:50.873619,100.09487915039062,52.0,,
,2021-07-22 01:15:54.775304,,52.0,91.7200927734375,0.8666942715644836
0.0005,2021-07-22 01:15:54.791562,,,,
,2021-07-22 01:16:09.319340,99.80358123779297,53.0,,
,2021-07-22 01:16:13.233147,,53.0,83.39057922363281,0.7799144387245178
0.0005,2021-07-22 01:16:13.251028,,,,
,2021-07-22 01:16:27.735584,98.08965301513672,54.0,,
,2021-07-22 01:16:31.835720,,54.0,87.72862243652344,0.8178051710128784
0.0005,2021-07-22 01:16:31.854497,,,,
,2021-07-22 01:16:46.601532,101.55083465576172,55.0,,
,2021-07-22 01:16:50.530158,,55.0,86.2038803100586,0.8052600026130676
0.0005,2021-07-22 01:16:50.545906,,,,
,2021-07-22 01:17:04.959470,101.71498107910156,56.0,,
,2021-07-22 01:17:08.880687,,56.0,90.04911041259766,0.8500799536705017
0.0005,2021-07-22 01:17:08.897444,,,,
,2021-07-22 01:17:23.366924,101.4426040649414,57.0,,
,2021-07-22 01:17:27.512455,,57.0,86.7724838256836,0.8126445412635803
0.0005,2021-07-22 01:17:27.529652,,,,
,2021-07-22 01:17:42.308152,99.9326171875,58.0,,
,2021-07-22 01:17:46.454730,,58.0,84.83226013183594,0.7903962731361389
0.0005,2021-07-22 01:17:46.472183,,,,
,2021-07-22 01:18:01.164015,100.24752044677734,59.0,,
,2021-07-22 01:18:05.049140,,59.0,91.42488098144531,0.85714191198349
0.0005,2021-07-22 01:18:05.065483,,,,
,2021-07-22 01:18:19.276517,99.25115203857422,60.0,,
,2021-07-22 01:18:23.185743,,60.0,88.2789077758789,0.83598792552948
0.0005,2021-07-22 01:18:23.202114,,,,
,2021-07-22 01:18:38.232957,99.02812194824219,61.0,,
,2021-07-22 01:18:42.368645,,61.0,85.02871704101562,0.7957167625427246
0.0005,2021-07-22 01:18:42.386805,,,,
,2021-07-22 01:18:57.348786,97.76316833496094,62.0,,
,2021-07-22 01:19:01.282987,,62.0,86.2978744506836,0.8055997490882874
0.0005,2021-07-22 01:19:01.299096,,,,
,2021-07-22 01:19:16.273599,98.2079849243164,63.0,,
,2021-07-22 01:19:21.081537,,63.0,82.39247131347656,0.7718710899353027
0.0005,2021-07-22 01:19:21.107807,,,,
,2021-07-22 01:19:35.604386,97.08380889892578,64.0,,
,2021-07-22 01:19:39.597552,,64.0,88.6966781616211,0.836895763874054
0.0005,2021-07-22 01:19:39.614126,,,,
,2021-07-22 01:19:53.740635,98.94635772705078,65.0,,
,2021-07-22 01:19:57.584316,,65.0,96.3695297241211,0.915925145149231
0.0005,2021-07-22 01:19:57.600736,,,,
,2021-07-22 01:20:12.159224,99.5877685546875,66.0,,
,2021-07-22 01:20:16.321285,,66.0,86.02141571044922,0.8075737953186035
0.0005,2021-07-22 01:20:16.338483,,,,
,2021-07-22 01:20:31.222231,98.80445098876953,67.0,,
,2021-07-22 01:20:35.359998,,67.0,84.5169906616211,0.7908195853233337
0.0005,2021-07-22 01:20:35.376311,,,,
,2021-07-22 01:20:49.770538,97.2179183959961,68.0,,
,2021-07-22 01:20:53.715233,,68.0,86.34011840820312,0.8081409931182861
0.0005,2021-07-22 01:20:53.731362,,,,
,2021-07-22 01:21:07.825340,99.23828125,69.0,,
,2021-07-22 01:21:11.683538,,69.0,87.03844451904297,0.821837306022644
0.000125,2021-07-22 01:21:11.700125,,,,
,2021-07-22 01:21:26.643997,94.15040588378906,70.0,,
,2021-07-22 01:21:31.443715,,70.0,81.50942993164062,0.7615060210227966
0.000125,2021-07-22 01:21:31.473479,,,,
,2021-07-22 01:21:46.443186,94.03069305419922,71.0,,
,2021-07-22 01:21:51.072002,,71.0,78.9795150756836,0.7376164793968201
0.000125,2021-07-22 01:21:51.097936,,,,
,2021-07-22 01:22:05.844593,96.54195404052734,72.0,,
,2021-07-22 01:22:09.802530,,72.0,82.05204010009766,0.7655453085899353
0.000125,2021-07-22 01:22:09.818872,,,,
,2021-07-22 01:22:24.378414,93.32207489013672,73.0,,
,2021-07-22 01:22:28.528495,,73.0,81.43401336669922,0.76279616355896
0.000125,2021-07-22 01:22:28.545945,,,,
,2021-07-22 01:22:43.687097,94.39163208007812,74.0,,
,2021-07-22 01:22:47.678492,,74.0,82.4327163696289,0.769904613494873
0.000125,2021-07-22 01:22:47.696101,,,,
,2021-07-22 01:23:01.690470,94.82927703857422,75.0,,
,2021-07-22 01:23:05.635404,,75.0,79.83817291259766,0.7449935078620911
0.000125,2021-07-22 01:23:05.651374,,,,
,2021-07-22 01:23:19.837333,93.8321304321289,76.0,,
,2021-07-22 01:23:23.791958,,76.0,80.81244659423828,0.7532764673233032
0.000125,2021-07-22 01:23:23.808349,,,,
,2021-07-22 01:23:38.668243,92.26252746582031,77.0,,
,2021-07-22 01:23:42.864056,,77.0,80.06721496582031,0.7497353553771973
0.000125,2021-07-22 01:23:42.881298,,,,
,2021-07-22 01:23:58.098470,93.46823120117188,78.0,,
,2021-07-22 01:24:02.022927,,78.0,83.94762420654297,0.7869420051574707
0.000125,2021-07-22 01:24:02.045344,,,,
,2021-07-22 01:24:16.459669,92.6700439453125,79.0,,
,2021-07-22 01:24:20.398829,,79.0,81.51509857177734,0.7621064186096191
0.000125,2021-07-22 01:24:20.416117,,,,
,2021-07-22 01:24:34.992783,92.6512680053711,80.0,,
,2021-07-22 01:24:39.183955,,80.0,81.09828186035156,0.7604700326919556
0.000125,2021-07-22 01:24:39.201406,,,,
,2021-07-22 01:24:54.052599,92.31362915039062,81.0,,
,2021-07-22 01:24:58.077996,,81.0,82.4625244140625,0.770216166973114
0.000125,2021-07-22 01:24:58.100371,,,,
,2021-07-22 01:25:12.442918,93.379150390625,82.0,,
,2021-07-22 01:25:16.546056,,82.0,80.50582122802734,0.7537729144096375
0.000125,2021-07-22 01:25:16.563471,,,,
,2021-07-22 01:25:31.342919,93.76224517822266,83.0,,
,2021-07-22 01:25:35.238657,,83.0,80.05219268798828,0.7489294409751892
0.000125,2021-07-22 01:25:35.256114,,,,
,2021-07-22 01:25:49.594494,94.43538665771484,84.0,,
,2021-07-22 01:25:53.422970,,84.0,80.57518005371094,0.7544748783111572
0.000125,2021-07-22 01:25:53.441520,,,,
,2021-07-22 01:26:07.575812,92.47720336914062,85.0,,
,2021-07-22 01:26:11.429196,,85.0,86.49871826171875,0.8094483613967896
0.000125,2021-07-22 01:26:11.447848,,,,
,2021-07-22 01:26:26.639277,91.73355865478516,86.0,,
,2021-07-22 01:26:30.779871,,86.0,80.92386627197266,0.7581151127815247
0.000125,2021-07-22 01:26:30.800159,,,,
,2021-07-22 01:26:45.626739,91.04999542236328,87.0,,
,2021-07-22 01:26:49.408772,,87.0,81.61578369140625,0.7648975849151611
0.000125,2021-07-22 01:26:49.425869,,,,
,2021-07-22 01:27:04.015807,93.1991958618164,88.0,,
,2021-07-22 01:27:07.905754,,88.0,81.43678283691406,0.7652102708816528
0.000125,2021-07-22 01:27:07.922056,,,,
,2021-07-22 01:27:22.514336,91.04607391357422,89.0,,
,2021-07-22 01:27:26.718329,,89.0,84.07205963134766,0.7874722480773926
0.000125,2021-07-22 01:27:26.736573,,,,
,2021-07-22 01:27:41.849539,91.68706512451172,90.0,,
,2021-07-22 01:27:45.830817,,90.0,83.39569091796875,0.7823178768157959
0.000125,2021-07-22 01:27:45.847925,,,,
,2021-07-22 01:28:00.221140,91.05451965332031,91.0,,
,2021-07-22 01:28:04.208522,,91.0,80.68690490722656,0.7551087737083435
0.000125,2021-07-22 01:28:04.226241,,,,
,2021-07-22 01:28:18.390857,90.98126983642578,92.0,,
,2021-07-22 01:28:22.328996,,92.0,83.68029022216797,0.7836019396781921
0.000125,2021-07-22 01:28:22.346151,,,,
,2021-07-22 01:28:37.042691,91.1557388305664,93.0,,
,2021-07-22 01:28:41.279220,,93.0,81.12220764160156,0.7609086036682129
0.000125,2021-07-22 01:28:41.297489,,,,
,2021-07-22 01:28:56.011057,91.80635833740234,94.0,,
,2021-07-22 01:29:00.039555,,94.0,79.6613540649414,0.75037682056427
0.000125,2021-07-22 01:29:00.057493,,,,
,2021-07-22 01:29:15.195885,94.8084487915039,95.0,,
,2021-07-22 01:29:19.209393,,95.0,82.71156311035156,0.7723726630210876
0.000125,2021-07-22 01:29:19.227412,,,,
,2021-07-22 01:29:33.726565,91.86827087402344,96.0,,
,2021-07-22 01:29:37.945205,,96.0,82.98868560791016,0.7790370583534241
0.000125,2021-07-22 01:29:37.963650,,,,
,2021-07-22 01:29:53.044640,90.46929168701172,97.0,,
,2021-07-22 01:29:57.023697,,97.0,79.74681091308594,0.7446150183677673
0.000125,2021-07-22 01:29:57.042259,,,,
,2021-07-22 01:30:12.058096,89.47581481933594,98.0,,
,2021-07-22 01:30:16.236762,,98.0,80.29315185546875,0.7526085376739502
0.000125,2021-07-22 01:30:16.255021,,,,
,2021-07-22 01:30:31.167009,92.13157653808594,99.0,,
,2021-07-22 01:30:35.139750,,99.0,84.943603515625,0.7966675758361816
0.000125,2021-07-22 01:30:35.158070,,,,
,2021-07-22 01:30:49.631863,91.40070343017578,100.0,,
,2021-07-22 01:30:53.520906,,100.0,80.53714752197266,0.7537071704864502
0.000125,2021-07-22 01:30:53.539023,,,,
,2021-07-22 01:31:08.440547,90.23957061767578,101.0,,
,2021-07-22 01:31:12.684669,,101.0,80.23847961425781,0.7546489238739014
0.000125,2021-07-22 01:31:12.703321,,,,
,2021-07-22 01:31:27.900350,90.46248626708984,102.0,,
,2021-07-22 01:31:32.063274,,102.0,84.14067840576172,0.7882761359214783
0.000125,2021-07-22 01:31:32.081419,,,,
,2021-07-22 01:31:46.997322,90.11601257324219,103.0,,
,2021-07-22 01:31:50.997224,,103.0,81.11298370361328,0.7650365233421326
0.000125,2021-07-22 01:31:51.016043,,,,
,2021-07-22 01:32:05.525216,91.0223388671875,104.0,,
,2021-07-22 01:32:09.431883,,104.0,83.54695129394531,0.7832067012786865
0.000125,2021-07-22 01:32:09.449807,,,,
,2021-07-22 01:32:24.459091,91.56333923339844,105.0,,
,2021-07-22 01:32:28.730817,,105.0,86.60952758789062,0.8131985664367676
0.000125,2021-07-22 01:32:28.749042,,,,
,2021-07-22 01:32:43.853462,91.21880340576172,106.0,,
,2021-07-22 01:32:47.822345,,106.0,83.30702209472656,0.7860498428344727
0.000125,2021-07-22 01:32:47.841395,,,,
,2021-07-22 01:33:02.515773,91.91797637939453,107.0,,
,2021-07-22 01:33:06.414828,,107.0,79.82115936279297,0.7493790984153748
0.000125,2021-07-22 01:33:06.434290,,,,
,2021-07-22 01:33:21.372368,90.69728088378906,108.0,,
,2021-07-22 01:33:25.559234,,108.0,89.50584411621094,0.8441406488418579
0.000125,2021-07-22 01:33:25.578474,,,,
,2021-07-22 01:33:40.934987,90.42456817626953,109.0,,
,2021-07-22 01:33:45.204836,,109.0,84.19185638427734,0.7892196178436279
0.000125,2021-07-22 01:33:45.223202,,,,
,2021-07-22 01:33:59.705484,90.4613037109375,110.0,,
,2021-07-22 01:34:04.399683,,110.0,78.95270538330078,0.742896318435669
0.000125,2021-07-22 01:34:04.416691,,,,
,2021-07-22 01:34:19.462490,90.00579833984375,111.0,,
,2021-07-22 01:34:23.496427,,111.0,81.46563720703125,0.765192985534668
0.000125,2021-07-22 01:34:23.514197,,,,
,2021-07-22 01:34:38.461739,88.85669708251953,112.0,,
,2021-07-22 01:34:42.666568,,112.0,82.1219253540039,0.7722041606903076
0.000125,2021-07-22 01:34:42.688637,,,,
,2021-07-22 01:34:58.075064,91.94860076904297,113.0,,
,2021-07-22 01:35:02.122357,,113.0,79.72441864013672,0.7492306232452393
0.000125,2021-07-22 01:35:02.139966,,,,
,2021-07-22 01:35:17.364158,90.23410034179688,114.0,,
,2021-07-22 01:35:21.626639,,114.0,84.26143646240234,0.7919402718544006
0.000125,2021-07-22 01:35:21.644830,,,,
,2021-07-22 01:35:36.050813,90.235595703125,115.0,,
,2021-07-22 01:35:40.086716,,115.0,83.55692291259766,0.7868775129318237
0.000125,2021-07-22 01:35:40.105276,,,,
,2021-07-22 01:35:54.580045,89.87761688232422,116.0,,
,2021-07-22 01:35:58.448755,,116.0,80.02749633789062,0.7529773116111755
0.000125,2021-07-22 01:35:58.467027,,,,
,2021-07-22 01:36:13.083639,90.64318084716797,117.0,,
,2021-07-22 01:36:17.252919,,117.0,89.12731170654297,0.8463189601898193
0.000125,2021-07-22 01:36:17.272061,,,,
,2021-07-22 01:36:32.427498,88.53717803955078,118.0,,
,2021-07-22 01:36:36.352482,,118.0,79.5787124633789,0.7455914616584778
0.000125,2021-07-22 01:36:36.369263,,,,
,2021-07-22 01:36:50.722326,88.72695922851562,119.0,,
,2021-07-22 01:36:54.643424,,119.0,81.9167251586914,0.7725229263305664
0.000125,2021-07-22 01:36:54.662084,,,,
,2021-07-22 01:37:09.085928,88.62165832519531,120.0,,
,2021-07-22 01:37:13.124640,,120.0,81.11274719238281,0.7650819420814514
0.000125,2021-07-22 01:37:13.142938,,,,
,2021-07-22 01:37:28.459986,88.63021087646484,121.0,,
,2021-07-22 01:37:32.609260,,121.0,85.307861328125,0.8031300902366638
0.000125,2021-07-22 01:37:32.628229,,,,
,2021-07-22 01:37:47.436672,89.21597290039062,122.0,,
,2021-07-22 01:37:51.336701,,122.0,83.367431640625,0.7845782041549683
0.000125,2021-07-22 01:37:51.354128,,,,
,2021-07-22 01:38:05.467477,88.30418395996094,123.0,,
,2021-07-22 01:38:09.335397,,123.0,79.43560791015625,0.7497596740722656
0.000125,2021-07-22 01:38:09.354295,,,,
,2021-07-22 01:38:23.655136,88.98824310302734,124.0,,
,2021-07-22 01:38:27.818655,,124.0,83.87767028808594,0.7910913825035095
0.000125,2021-07-22 01:38:27.837267,,,,
,2021-07-22 01:38:43.380026,89.41400146484375,125.0,,
,2021-07-22 01:38:47.258778,,125.0,79.9680404663086,0.7520567178726196
0.000125,2021-07-22 01:38:47.276089,,,,
,2021-07-22 01:39:01.852290,90.4232406616211,126.0,,
,2021-07-22 01:39:05.762173,,126.0,84.7620620727539,0.801796019077301
0.000125,2021-07-22 01:39:05.781184,,,,
,2021-07-22 01:39:20.707867,87.39173889160156,127.0,,
,2021-07-22 01:39:24.645103,,127.0,81.24199676513672,0.7648007869720459
0.000125,2021-07-22 01:39:24.663782,,,,
,2021-07-22 01:39:40.071896,88.87734985351562,128.0,,
,2021-07-22 01:39:44.314874,,128.0,82.21630096435547,0.7769728899002075
0.000125,2021-07-22 01:39:44.335420,,,,
,2021-07-22 01:39:59.600210,87.74163055419922,129.0,,
,2021-07-22 01:40:03.531319,,129.0,81.96560668945312,0.771592378616333
0.000125,2021-07-22 01:40:03.549334,,,,
,2021-07-22 01:40:18.042704,89.82160186767578,130.0,,
,2021-07-22 01:40:22.047402,,130.0,85.33589172363281,0.802359402179718
0.000125,2021-07-22 01:40:22.066949,,,,
,2021-07-22 01:40:37.590892,86.14592742919922,131.0,,
,2021-07-22 01:40:41.752859,,131.0,80.31385803222656,0.7576877474784851
0.000125,2021-07-22 01:40:41.772394,,,,
,2021-07-22 01:40:57.564790,86.56961059570312,132.0,,
,2021-07-22 01:41:01.529720,,132.0,84.69252014160156,0.7977078557014465
0.000125,2021-07-22 01:41:01.548025,,,,
,2021-07-22 01:41:16.354818,88.13983154296875,133.0,,
,2021-07-22 01:41:20.471199,,133.0,82.43643188476562,0.7743310332298279
0.000125,2021-07-22 01:41:20.491214,,,,
,2021-07-22 01:41:35.157274,86.4649429321289,134.0,,
,2021-07-22 01:41:39.043664,,134.0,83.49658203125,0.7834938168525696
0.000125,2021-07-22 01:41:39.062248,,,,
,2021-07-22 01:41:53.254057,85.95452880859375,135.0,,
,2021-07-22 01:41:57.083708,,135.0,80.10199737548828,0.7524769902229309
0.000125,2021-07-22 01:41:57.102586,,,,
,2021-07-22 01:42:11.454147,88.70211791992188,136.0,,
,2021-07-22 01:42:15.645224,,136.0,81.0438003540039,0.7613286375999451
0.000125,2021-07-22 01:42:15.669823,,,,
,2021-07-22 01:42:31.168622,87.83970642089844,137.0,,
,2021-07-22 01:42:35.376542,,137.0,83.53714752197266,0.79067462682724
0.000125,2021-07-22 01:42:35.402008,,,,
,2021-07-22 01:42:49.805735,86.88868713378906,138.0,,
,2021-07-22 01:42:53.744119,,138.0,85.74152374267578,0.8100187182426453
0.000125,2021-07-22 01:42:53.769479,,,,
,2021-07-22 01:43:08.937589,84.74516296386719,139.0,,
,2021-07-22 01:43:12.857126,,139.0,79.9621810913086,0.7520378232002258
3.125e-05,2021-07-22 01:43:12.882784,,,,
,2021-07-22 01:43:27.816449,86.08098602294922,140.0,,
,2021-07-22 01:43:32.697190,,140.0,78.3438491821289,0.7371192574501038
3.125e-05,2021-07-22 01:43:32.722176,,,,
,2021-07-22 01:43:47.805979,83.44822692871094,141.0,,
,2021-07-22 01:43:51.801822,,141.0,78.92595672607422,0.7413437366485596
3.125e-05,2021-07-22 01:43:51.827439,,,,
,2021-07-22 01:44:06.308394,85.51953125,142.0,,
,2021-07-22 01:44:10.224035,,142.0,78.90489959716797,0.741936206817627
3.125e-05,2021-07-22 01:44:10.254465,,,,
,2021-07-22 01:44:25.070698,85.92549896240234,143.0,,
,2021-07-22 01:44:29.246899,,143.0,78.7282485961914,0.741646409034729
3.125e-05,2021-07-22 01:44:29.272695,,,,
,2021-07-22 01:44:44.635562,84.82331848144531,144.0,,
,2021-07-22 01:44:48.602691,,144.0,80.41290283203125,0.7586416602134705
3.125e-05,2021-07-22 01:44:48.627007,,,,
,2021-07-22 01:45:03.864074,85.59390258789062,145.0,,
,2021-07-22 01:45:07.840436,,145.0,79.11387634277344,0.7463545799255371
3.125e-05,2021-07-22 01:45:07.865574,,,,
,2021-07-22 01:45:22.662761,83.5623550415039,146.0,,
,2021-07-22 01:45:26.529537,,146.0,79.23756408691406,0.7451608180999756
3.125e-05,2021-07-22 01:45:26.554773,,,,
,2021-07-22 01:45:41.911798,83.6845474243164,147.0,,
,2021-07-22 01:45:46.105655,,147.0,78.62847137451172,0.7405869960784912
3.125e-05,2021-07-22 01:45:46.131291,,,,
,2021-07-22 01:46:00.733702,83.82925415039062,148.0,,
,2021-07-22 01:46:05.001115,,148.0,79.14402770996094,0.7473450899124146
3.125e-05,2021-07-22 01:46:05.029022,,,,
,2021-07-22 01:46:20.366293,84.17945098876953,149.0,,
,2021-07-22 01:46:24.643880,,149.0,78.89730072021484,0.7431002855300903
3.125e-05,2021-07-22 01:46:24.670380,,,,
,2021-07-22 01:46:39.639225,84.72032928466797,150.0,,
,2021-07-22 01:46:43.620294,,150.0,78.71485137939453,0.741905689239502
3.125e-05,2021-07-22 01:46:43.645549,,,,
,2021-07-22 01:46:58.832419,84.06483459472656,151.0,,
,2021-07-22 01:47:02.921748,,151.0,78.85359191894531,0.7442648410797119
3.125e-05,2021-07-22 01:47:02.947746,,,,
,2021-07-22 01:47:18.428176,84.2635498046875,152.0,,
,2021-07-22 01:47:22.649345,,152.0,78.5586166381836,0.741919755935669
3.125e-05,2021-07-22 01:47:22.676638,,,,
,2021-07-22 01:47:37.991808,84.64591979980469,153.0,,
,2021-07-22 01:47:41.987856,,153.0,78.753662109375,0.7435500621795654
3.125e-05,2021-07-22 01:47:42.015109,,,,
,2021-07-22 01:47:56.716202,84.17337799072266,154.0,,
,2021-07-22 01:48:00.696285,,154.0,78.40066528320312,0.738355815410614
3.125e-05,2021-07-22 01:48:00.721994,,,,
,2021-07-22 01:48:15.576678,84.71070861816406,155.0,,
,2021-07-22 01:48:19.733429,,155.0,78.3626937866211,0.7407590746879578
3.125e-05,2021-07-22 01:48:19.761075,,,,
,2021-07-22 01:48:35.235574,83.74370574951172,156.0,,
,2021-07-22 01:48:39.194439,,156.0,78.53449249267578,0.7404437065124512
3.125e-05,2021-07-22 01:48:39.220099,,,,
,2021-07-22 01:48:53.969712,84.27590942382812,157.0,,
,2021-07-22 01:48:57.945219,,157.0,80.05987548828125,0.7581985592842102
3.125e-05,2021-07-22 01:48:57.970210,,,,
,2021-07-22 01:49:12.705647,84.32911682128906,158.0,,
,2021-07-22 01:49:16.676170,,158.0,78.85041809082031,0.7427747249603271
3.125e-05,2021-07-22 01:49:16.702764,,,,
,2021-07-22 01:49:31.663621,83.67760467529297,159.0,,
,2021-07-22 01:49:36.539712,,159.0,78.04370880126953,0.7347680926322937
3.125e-05,2021-07-22 01:49:36.567801,,,,
,2021-07-22 01:49:51.452410,83.2459716796875,160.0,,
,2021-07-22 01:49:55.402148,,160.0,79.60261535644531,0.7501750588417053
3.125e-05,2021-07-22 01:49:55.428887,,,,
,2021-07-22 01:50:10.553398,83.7680435180664,161.0,,
,2021-07-22 01:50:14.487992,,161.0,79.88587951660156,0.7523281574249268
3.125e-05,2021-07-22 01:50:14.513900,,,,
,2021-07-22 01:50:29.338438,84.26140594482422,162.0,,
,2021-07-22 01:50:33.564867,,162.0,79.65831756591797,0.75101637840271
3.125e-05,2021-07-22 01:50:33.591251,,,,
,2021-07-22 01:50:48.515582,83.8045654296875,163.0,,
,2021-07-22 01:50:52.545284,,163.0,79.44559478759766,0.7509347796440125
3.125e-05,2021-07-22 01:50:52.570913,,,,
,2021-07-22 01:51:07.545791,81.82951354980469,164.0,,
,2021-07-22 01:51:11.541303,,164.0,80.01476287841797,0.755201518535614
3.125e-05,2021-07-22 01:51:11.567407,,,,
,2021-07-22 01:51:26.323470,82.14440155029297,165.0,,
,2021-07-22 01:51:30.307708,,165.0,79.3045425415039,0.7479616403579712
3.125e-05,2021-07-22 01:51:30.334720,,,,
,2021-07-22 01:51:46.219015,84.33509826660156,166.0,,
,2021-07-22 01:51:50.462752,,166.0,79.26025390625,0.7455472350120544
3.125e-05,2021-07-22 01:51:50.488791,,,,
,2021-07-22 01:52:05.222826,81.51129150390625,167.0,,
,2021-07-22 01:52:09.504924,,167.0,79.57220458984375,0.7509755492210388
3.125e-05,2021-07-22 01:52:09.531574,,,,
,2021-07-22 01:52:24.704516,84.90924835205078,168.0,,
,2021-07-22 01:52:28.830478,,168.0,78.21785736083984,0.7366262078285217
3.125e-05,2021-07-22 01:52:28.857907,,,,
,2021-07-22 01:52:43.720068,83.86901092529297,169.0,,
,2021-07-22 01:52:47.604597,,169.0,78.8873062133789,0.7435078024864197
3.125e-05,2021-07-22 01:52:47.631124,,,,
,2021-07-22 01:53:02.327757,82.24201202392578,170.0,,
,2021-07-22 01:53:06.291639,,170.0,78.8292465209961,0.7433501482009888
3.125e-05,2021-07-22 01:53:06.317342,,,,
,2021-07-22 01:53:21.487265,83.63626861572266,171.0,,
,2021-07-22 01:53:25.696501,,171.0,78.89910125732422,0.7443060874938965
3.125e-05,2021-07-22 01:53:25.725149,,,,
,2021-07-22 01:53:40.594699,84.6728515625,172.0,,
,2021-07-22 01:53:44.550305,,172.0,80.48193359375,0.7613234519958496
3.125e-05,2021-07-22 01:53:44.577964,,,,
,2021-07-22 01:53:58.906638,83.53105926513672,173.0,,
,2021-07-22 01:54:02.764475,,173.0,79.68744659423828,0.7510225176811218
3.125e-05,2021-07-22 01:54:02.792313,,,,
,2021-07-22 01:54:16.719884,83.3250732421875,174.0,,
,2021-07-22 01:54:21.614413,,174.0,78.04179382324219,0.7342336177825928
3.125e-05,2021-07-22 01:54:21.640998,,,,
,2021-07-22 01:54:36.401933,82.05842590332031,175.0,,
,2021-07-22 01:54:40.544111,,175.0,78.640380859375,0.738396942615509
3.125e-05,2021-07-22 01:54:40.569622,,,,
,2021-07-22 01:54:54.865313,84.64997863769531,176.0,,
,2021-07-22 01:54:58.866113,,176.0,78.04198455810547,0.7350801825523376
3.125e-05,2021-07-22 01:54:58.893429,,,,
,2021-07-22 01:55:13.561468,84.61111450195312,177.0,,
,2021-07-22 01:55:17.477646,,177.0,78.76696014404297,0.7414559721946716
3.125e-05,2021-07-22 01:55:17.504777,,,,
,2021-07-22 01:55:32.572671,82.79109954833984,178.0,,
,2021-07-22 01:55:37.523674,,178.0,77.9417724609375,0.733161449432373
3.125e-05,2021-07-22 01:55:37.551079,,,,
,2021-07-22 01:55:52.403258,81.57853698730469,179.0,,
,2021-07-22 01:55:56.410192,,179.0,79.02982330322266,0.7438814043998718
3.125e-05,2021-07-22 01:55:56.437097,,,,
,2021-07-22 01:56:11.154122,84.0015640258789,180.0,,
,2021-07-22 01:56:15.128908,,180.0,78.97374725341797,0.7438030242919922
3.125e-05,2021-07-22 01:56:15.154606,,,,
,2021-07-22 01:56:29.946021,83.02368927001953,181.0,,
,2021-07-22 01:56:34.192360,,181.0,79.85802459716797,0.7507574558258057
3.125e-05,2021-07-22 01:56:34.219442,,,,
,2021-07-22 01:56:49.496601,82.08477020263672,182.0,,
,2021-07-22 01:56:53.703904,,182.0,78.8260269165039,0.7412075996398926
3.125e-05,2021-07-22 01:56:53.729845,,,,
,2021-07-22 01:57:08.625238,81.24313354492188,183.0,,
,2021-07-22 01:57:12.869343,,183.0,79.81907653808594,0.7510963082313538
3.125e-05,2021-07-22 01:57:12.895483,,,,
,2021-07-22 01:57:28.331812,81.19200134277344,184.0,,
,2021-07-22 01:57:32.335812,,184.0,79.4030990600586,0.7498518228530884
3.125e-05,2021-07-22 01:57:32.361078,,,,
,2021-07-22 01:57:47.236651,82.48603057861328,185.0,,
,2021-07-22 01:57:51.187538,,185.0,79.51820373535156,0.7507065534591675
3.125e-05,2021-07-22 01:57:51.216054,,,,
,2021-07-22 01:58:06.067459,82.52407836914062,186.0,,
,2021-07-22 01:58:10.264869,,186.0,79.13801574707031,0.7457680106163025
3.125e-05,2021-07-22 01:58:10.293098,,,,
,2021-07-22 01:58:25.434143,82.08218383789062,187.0,,
,2021-07-22 01:58:29.642199,,187.0,78.89643096923828,0.7442196607589722
3.125e-05,2021-07-22 01:58:29.668473,,,,
,2021-07-22 01:58:43.863711,82.98200988769531,188.0,,
,2021-07-22 01:58:47.877934,,188.0,79.72203063964844,0.7511532306671143
3.125e-05,2021-07-22 01:58:47.903648,,,,
,2021-07-22 01:59:01.920471,82.2662353515625,189.0,,
,2021-07-22 01:59:05.841350,,189.0,80.60890197753906,0.762080192565918
3.125e-05,2021-07-22 01:59:05.868082,,,,
,2021-07-22 01:59:21.022773,82.20999908447266,190.0,,
,2021-07-22 01:59:25.106366,,190.0,79.17961883544922,0.7468761801719666
3.125e-05,2021-07-22 01:59:25.134164,,,,
,2021-07-22 01:59:40.267654,82.92520141601562,191.0,,
,2021-07-22 01:59:44.197156,,191.0,78.82850646972656,0.7428356409072876
3.125e-05,2021-07-22 01:59:44.224140,,,,
,2021-07-22 01:59:59.265303,83.07596588134766,192.0,,
,2021-07-22 02:00:03.257476,,192.0,78.43023681640625,0.7394188046455383
3.125e-05,2021-07-22 02:00:03.285174,,,,
,2021-07-22 02:00:17.722815,83.1221694946289,193.0,,
,2021-07-22 02:00:21.862875,,193.0,78.5156021118164,0.7401666045188904
3.125e-05,2021-07-22 02:00:21.891930,,,,
,2021-07-22 02:00:37.197951,82.48857116699219,194.0,,
,2021-07-22 02:00:42.072545,,194.0,77.82035064697266,0.7334736585617065
3.125e-05,2021-07-22 02:00:42.098846,,,,
,2021-07-22 02:00:56.095361,80.02310180664062,195.0,,
,2021-07-22 02:00:59.966397,,195.0,78.87413787841797,0.7419095039367676
3.125e-05,2021-07-22 02:00:59.994027,,,,
,2021-07-22 02:01:13.850844,82.02165222167969,196.0,,
,2021-07-22 02:01:17.766792,,196.0,79.14554595947266,0.7479274868965149
3.125e-05,2021-07-22 02:01:17.793656,,,,
,2021-07-22 02:01:32.593744,82.44694519042969,197.0,,
,2021-07-22 02:01:36.727698,,197.0,78.75199890136719,0.7430033087730408
3.125e-05,2021-07-22 02:01:36.755523,,,,
,2021-07-22 02:01:51.504683,82.43366241455078,198.0,,
,2021-07-22 02:01:55.712253,,198.0,78.6223373413086,0.7392935156822205
3.125e-05,2021-07-22 02:01:55.739378,,,,
,2021-07-22 02:02:10.610057,81.52291870117188,199.0,,
,2021-07-22 02:02:14.555953,,199.0,78.6417007446289,0.7406261563301086
